{"cameraMode":{"drawMode":0,"name":"Shaded","section":"Shading Mode"},"sceneLighting":true,"audioPlay":false,"sceneViewState":{"m_AlwaysRefresh":false,"showFog":true,"showSkybox":true,"showFlares":true,"showImageEffects":true,"showParticleSystems":true,"showVisualEffectGraphs":true,"m_FxEnabled":false},"in2DMode":false,"pivot":{"x":-0.35851630568504336,"y":0.9621711373329163,"z":-11.781929016113282},"rotation":{"x":-0.03929903358221054,"y":0.0005944441654719412,"z":-0.00001773379153746646,"w":-0.9992052316665649},"size":3.280597686767578,"orthographic":false}